<pets><pet id="1">
		<pet_name>&#1052;&#1080;&#1085;&#1080;-&#1083;&#1072;&#1081;&#1085;&#1077;&#1088;</pet_name>
		<pet_avatar>&#128674;</pet_avatar>
		<pet_food>100</pet_food>
		<pet_food_auto>0</pet_food_auto>
		<pet_water>100</pet_water>
		<pet_water_auto>0</pet_water_auto>
		<pet_have_house>0</pet_have_house>
		<pet_house_level>1</pet_house_level>
		<pet_passive_produce>200</pet_passive_produce>
		<pet_passive_produce_timeout_m>60</pet_passive_produce_timeout_m>
		<pet_exp>0</pet_exp>
		<pet_level>1</pet_level>
		<pet_unique_treasure>0</pet_unique_treasure>
		<pet_died>0</pet_died>
	</pet>

	<pet id="2">
		<pet_name>Test</pet_name>
		<pet_avatar>&#128049;</pet_avatar>
		<pet_food>100</pet_food>
		<pet_food_auto>0</pet_food_auto>
		<pet_water>100</pet_water>
		<pet_water_auto>0</pet_water_auto>
		<pet_have_house>0</pet_have_house>
		<pet_house_level>1</pet_house_level>
		<pet_passive_produce>200</pet_passive_produce>
		<pet_passive_produce_timeout_m>60</pet_passive_produce_timeout_m>
		<pet_exp>0</pet_exp>
		<pet_level>1</pet_level>
		<pet_unique_treasure>0</pet_unique_treasure>
		<pet_died>0</pet_died>
	</pet>
	</pets>