<bank>
		<bankname>&#1051;&#1072;&#1081;&#1085;&#1077;&#1088;-&#1041;&#1072;&#1085;&#1082;&#128674;</bankname>
		<money>1051064</money>
		<description>&#1051;&#1091;&#1095;&#1096;&#1080;&#1081; &#1074; &#1084;&#1080;&#1088;&#1077; &#1073;&#1072;&#1085;&#1082;, &#1074;&#1099;&#1075;&#1086;&#1076;&#1085;&#1099;&#1077; &#1082;&#1088;&#1077;&#1076;&#1080;&#1090;&#1099; &#1080; &#1076;&#1077;&#1073;&#1077;&#1090;&#1099; &#1090;&#1086;&#1083;&#1100;&#1082;&#1086; &#1079;&#1076;&#1077;&#1089;&#1100;</description>
		<credit_percent>9</credit_percent>
		<debit_percent>6</debit_percent>
		<time_to_pay>10</time_to_pay>
		<bank_users>
		<user id="mrshterben" type="credit">274</user>
		<user id="forestgun78" type="credit">0</user>
		</bank_users>
		<blacklist />
</bank>